
/*----------------UO-----------------*/
insert into "UO" ("Id", "Name") values (1, 'Regiona');
insert into "UO" ("Id", "Name") values (2, 'Region');
insert into "UO" ("Id", "Name") values (3, 'Region');
insert into "UO" ("Id", "Name") values (4, 'Region');
insert into "UO" ("Id", "Name") values (5, 'Region');
insert into "UO" ("Id", "Name") values (6, 'Region');
insert into "UO" ("Id", "Name") values (7, 'Region');
insert into "UO" ("Id", "Name") values (8, 'Region');
insert into "UO" ("Id", "Name") values (9, 'Region');
insert into "UO" ("Id", "Name") values (10, 'Region');
insert into "UO" ("Id", "Name") values (11, 'Region');
insert into "UO" ("Id", "Name") values (12, 'Region');
insert into "UO" ("Id", "Name") values (13, 'Region');
insert into "UO" ("Id", "Name") values (14, 'Region');
insert into "UO" ("Id", "Name") values (15, 'Region');
insert into "UO" ("Id", "Name") values (16, 'Region');
insert into "UO" ("Id", "Name") values (17, 'Region');
insert into "UO" ("Id", "Name") values (18, 'Region');
insert into "UO" ("Id", "Name") values (19, 'Region');
insert into "UO" ("Id", "Name") values (20, 'Region');

insert into "UO" ("Id", "Name") values (21, 'Establishment');
insert into "UO" ("Id", "Name") values (22, 'Establishment');
insert into "UO" ("Id", "Name") values (23, 'Establishment');
insert into "UO" ("Id", "Name") values (24, 'Establishment');
insert into "UO" ("Id", "Name") values (25, 'Establishment');
insert into "UO" ("Id", "Name") values (26, 'Establishment');
insert into "UO" ("Id", "Name") values (27, 'Establishment');
insert into "UO" ("Id", "Name") values (28, 'Establishment');
insert into "UO" ("Id", "Name") values (29, 'Establishment');
insert into "UO" ("Id", "Name") values (30, 'Establishment');
insert into "UO" ("Id", "Name") values (31, 'Establishment');
insert into "UO" ("Id", "Name") values (32, 'Establishment');
insert into "UO" ("Id", "Name") values (33, 'Establishment');
insert into "UO" ("Id", "Name") values (34, 'Establishment');
insert into "UO" ("Id", "Name") values (35, 'Establishment');
insert into "UO" ("Id", "Name") values (36, 'Establishment');
insert into "UO" ("Id", "Name") values (37, 'Establishment');
insert into "UO" ("Id", "Name") values (38, 'Establishment');
insert into "UO" ("Id", "Name") values (39, 'Establishment');
insert into "UO" ("Id", "Name") values (40, 'Establishment');
insert into "UO" ("Id", "Name") values (41, 'Establishment');
insert into "UO" ("Id", "Name") values (42, 'Establishment');
insert into "UO" ("Id", "Name") values (43, 'Establishment');
insert into "UO" ("Id", "Name") values (44, 'Establishment');
insert into "UO" ("Id", "Name") values (45, 'Establishment');
insert into "UO" ("Id", "Name") values (46, 'Establishment');
insert into "UO" ("Id", "Name") values (47, 'Establishment');
insert into "UO" ("Id", "Name") values (48, 'Establishment');
insert into "UO" ("Id", "Name") values (49, 'Establishment');
insert into "UO" ("Id", "Name") values (50, 'Establishment');
insert into "UO" ("Id", "Name") values (51, 'Establishment');
insert into "UO" ("Id", "Name") values (52, 'Establishment');
insert into "UO" ("Id", "Name") values (53, 'Establishment');
insert into "UO" ("Id", "Name") values (54, 'Establishment');
insert into "UO" ("Id", "Name") values (55, 'Establishment');
insert into "UO" ("Id", "Name") values (56, 'Establishment');
insert into "UO" ("Id", "Name") values (57, 'Establishment');
insert into "UO" ("Id", "Name") values (58, 'Establishment');
insert into "UO" ("Id", "Name") values (59, 'Establishment');
insert into "UO" ("Id", "Name") values (60, 'Establishment');

insert into "UO" ("Id", "Name") values (61, 'Department');
insert into "UO" ("Id", "Name") values (62, 'Department');
insert into "UO" ("Id", "Name") values (63, 'Department');
insert into "UO" ("Id", "Name") values (64, 'Department');
insert into "UO" ("Id", "Name") values (65, 'Department');
insert into "UO" ("Id", "Name") values (66, 'Department');
insert into "UO" ("Id", "Name") values (67, 'Department');
insert into "UO" ("Id", "Name") values (68, 'Department');
insert into "UO" ("Id", "Name") values (69, 'Department');
insert into "UO" ("Id", "Name") values (70, 'Department');
insert into "UO" ("Id", "Name") values (71, 'Department');
insert into "UO" ("Id", "Name") values (72, 'Department');
insert into "UO" ("Id", "Name") values (73, 'Department');
insert into "UO" ("Id", "Name") values (74, 'Department');
insert into "UO" ("Id", "Name") values (75, 'Department');
insert into "UO" ("Id", "Name") values (76, 'Department');
insert into "UO" ("Id", "Name") values (77, 'Department');
insert into "UO" ("Id", "Name") values (78, 'Department');
insert into "UO" ("Id", "Name") values (79, 'Department');
insert into "UO" ("Id", "Name") values (80, 'Department');
insert into "UO" ("Id", "Name") values (81, 'Department');
insert into "UO" ("Id", "Name") values (82, 'Department');
insert into "UO" ("Id", "Name") values (83, 'Department');
insert into "UO" ("Id", "Name") values (84, 'Department');
insert into "UO" ("Id", "Name") values (85, 'Department');
insert into "UO" ("Id", "Name") values (86, 'Department');
insert into "UO" ("Id", "Name") values (87, 'Department');
insert into "UO" ("Id", "Name") values (88, 'Department');
insert into "UO" ("Id", "Name") values (89, 'Department');
insert into "UO" ("Id", "Name") values (90, 'Department');
insert into "UO" ("Id", "Name") values (91, 'Department');
insert into "UO" ("Id", "Name") values (92, 'Department');
insert into "UO" ("Id", "Name") values (93, 'Department');
insert into "UO" ("Id", "Name") values (94, 'Department');
insert into "UO" ("Id", "Name") values (95, 'Department');
insert into "UO" ("Id", "Name") values (96, 'Department');
insert into "UO" ("Id", "Name") values (97, 'Department');
insert into "UO" ("Id", "Name") values (98, 'Department');
insert into "UO" ("Id", "Name") values (99, 'Department');
insert into "UO" ("Id", "Name") values (100, 'Department');



/*-----------Region-----------------*/
insert into "Region" ("Id", "Name") values (1, 'Jalisco');
insert into "Region" ("Id", "Name") values (2, 'Kalmar');
insert into "Region" ("Id", "Name") values (3, 'Stockholm');
insert into "Region" ("Id", "Name") values (4, 'Dalarna');
insert into "Region" ("Id", "Name") values (5, 'Baden-Württemberg');
insert into "Region" ("Id", "Name") values (6, 'Réunion');
insert into "Region" ("Id", "Name") values (7, 'Vlaanderen');
insert into "Region" ("Id", "Name") values (8, 'Réunion');
insert into "Region" ("Id", "Name") values (9, 'California');
insert into "Region" ("Id", "Name") values (10, 'HuaBei');
insert into "Region" ("Id", "Name") values (11, 'New Brunswick');
insert into "Region" ("Id", "Name") values (12, 'Galicia');
insert into "Region" ("Id", "Name") values (13, 'Ilha de São Miguel');
insert into "Region" ("Id", "Name") values (14, 'Buskerud');
insert into "Region" ("Id", "Name") values (15, 'Ohio');
insert into "Region" ("Id", "Name") values (16, 'DongBei');
insert into "Region" ("Id", "Name") values (17, 'Illinois');
insert into "Region" ("Id", "Name") values (18, 'XiNan');
insert into "Region" ("Id", "Name") values (19, 'XiBei');
insert into "Region" ("Id", "Name") values (20, 'Faro');

/*-----------------City-----------------------*/
insert into "City" ("Id", "IdRegion", "Name") values (1, 1, 'Puncakmanis');
insert into "City" ("Id", "IdRegion", "Name") values (2, 2, 'Labnig');
insert into "City" ("Id", "IdRegion", "Name") values (3, 3, 'Straszyn');
insert into "City" ("Id", "IdRegion", "Name") values (4, 4, 'Yangcheng');
insert into "City" ("Id", "IdRegion", "Name") values (5, 5, 'Longyuanba');
insert into "City" ("Id", "IdRegion", "Name") values (6, 6, 'Bulacan');
insert into "City" ("Id", "IdRegion", "Name") values (7, 7, 'Wadungasri');
insert into "City" ("Id", "IdRegion", "Name") values (8, 8, 'Crnilište');
insert into "City" ("Id", "IdRegion", "Name") values (9, 9, 'Sawahan');
insert into "City" ("Id", "IdRegion", "Name") values (10, 10, 'Jiaozhou');
insert into "City" ("Id", "IdRegion", "Name") values (11, 11, 'N’dalatando');
insert into "City" ("Id", "IdRegion", "Name") values (12, 12, 'Chishui');
insert into "City" ("Id", "IdRegion", "Name") values (13, 13, 'Oslo');
insert into "City" ("Id", "IdRegion", "Name") values (14, 14, 'Loikaw');
insert into "City" ("Id", "IdRegion", "Name") values (15, 15, 'Morcolla');
insert into "City" ("Id", "IdRegion", "Name") values (16, 16, 'Bourail');
insert into "City" ("Id", "IdRegion", "Name") values (17, 17, 'Vairão');
insert into "City" ("Id", "IdRegion", "Name") values (18, 18, 'Ezeiza');
insert into "City" ("Id", "IdRegion", "Name") values (19, 19, 'Ludwin');
insert into "City" ("Id", "IdRegion", "Name") values (20, 20, 'Cibinong Satu');
insert into "City" ("Id", "IdRegion", "Name") values (21, 11, 'Pawonków');
insert into "City" ("Id", "IdRegion", "Name") values (22, 1, 'Grindavík');
insert into "City" ("Id", "IdRegion", "Name") values (23, 2, 'Renliu');
insert into "City" ("Id", "IdRegion", "Name") values (24, 3, 'Chelles');
insert into "City" ("Id", "IdRegion", "Name") values (25, 4, 'Xichangmen');
insert into "City" ("Id", "IdRegion", "Name") values (26, 5, 'Bagadó');
insert into "City" ("Id", "IdRegion", "Name") values (27, 6, 'Butiama');
insert into "City" ("Id", "IdRegion", "Name") values (28, 7, 'Kurumoch');
insert into "City" ("Id", "IdRegion", "Name") values (29, 8, 'Qarqaraly');
insert into "City" ("Id", "IdRegion", "Name") values (30, 9, 'Ya‘bad');

/*---------------Address-----(40rows)--------------------*/
insert into "Address" ("Id", "IdCity", "StreetName", "StreetNumber") values (1, 1, 'Stang', '5885');
insert into "Address" ("Id", "IdCity", "StreetName", "StreetNumber") values (2, 2, 'Clyde Gallagher', '0');
insert into "Address" ("Id", "IdCity", "StreetName", "StreetNumber") values (3, 3, 'Stuart', '9');
insert into "Address" ("Id", "IdCity", "StreetName", "StreetNumber") values (4, 4, 'Prentice', '53646');
insert into "Address" ("Id", "IdCity", "StreetName", "StreetNumber") values (5, 5, 'Fisk', '842');
insert into "Address" ("Id", "IdCity", "StreetName", "StreetNumber") values (6, 6, 'Eagle Crest', '441');
insert into "Address" ("Id", "IdCity", "StreetName", "StreetNumber") values (7, 7, 'Novick', '031');
insert into "Address" ("Id", "IdCity", "StreetName", "StreetNumber") values (8, 8, 'Fisk', '576');
insert into "Address" ("Id", "IdCity", "StreetName", "StreetNumber") values (9, 9, 'Sycamore', '4225');
insert into "Address" ("Id", "IdCity", "StreetName", "StreetNumber") values (10, 10, 'Havey', '224');
insert into "Address" ("Id", "IdCity", "StreetName", "StreetNumber") values (11, 11, 'Sunbrook', '08071');
insert into "Address" ("Id", "IdCity", "StreetName", "StreetNumber") values (12, 12, 'Packers', '09');
insert into "Address" ("Id", "IdCity", "StreetName", "StreetNumber") values (13, 13, 'Farwell', '72342');
insert into "Address" ("Id", "IdCity", "StreetName", "StreetNumber") values (14, 14, 'Autumn Leaf', '6507');
insert into "Address" ("Id", "IdCity", "StreetName", "StreetNumber") values (15, 15, 'Moose', '29858');
insert into "Address" ("Id", "IdCity", "StreetName", "StreetNumber") values (16, 16, 'Luster', '3835');
insert into "Address" ("Id", "IdCity", "StreetName", "StreetNumber") values (17, 17, 'Corry', '512');
insert into "Address" ("Id", "IdCity", "StreetName", "StreetNumber") values (18, 18, 'Thackeray', '47');
insert into "Address" ("Id", "IdCity", "StreetName", "StreetNumber") values (19, 19, 'Homewood', '451');
insert into "Address" ("Id", "IdCity", "StreetName", "StreetNumber") values (20, 20, 'Pleasure', '2669');
insert into "Address" ("Id", "IdCity", "StreetName", "StreetNumber") values (21, 21, 'Beilfuss', '300');
insert into "Address" ("Id", "IdCity", "StreetName", "StreetNumber") values (22, 22, 'Goodland', '795');
insert into "Address" ("Id", "IdCity", "StreetName", "StreetNumber") values (23, 23, 'Bellgrove', '66954');
insert into "Address" ("Id", "IdCity", "StreetName", "StreetNumber") values (24, 24, 'Macpherson', '271');
insert into "Address" ("Id", "IdCity", "StreetName", "StreetNumber") values (25, 25, 'Forest', '19429');
insert into "Address" ("Id", "IdCity", "StreetName", "StreetNumber") values (26, 26, 'Northview', '94659');
insert into "Address" ("Id", "IdCity", "StreetName", "StreetNumber") values (27, 27, 'Swallow', '92');
insert into "Address" ("Id", "IdCity", "StreetName", "StreetNumber") values (28, 28, 'Macpherson', '9683');
insert into "Address" ("Id", "IdCity", "StreetName", "StreetNumber") values (29, 29, 'Del Sol', '6');
insert into "Address" ("Id", "IdCity", "StreetName", "StreetNumber") values (30, 30, 'Drewry', '02486');
insert into "Address" ("Id", "IdCity", "StreetName", "StreetNumber") values (31, 25, '3rd', '365');
insert into "Address" ("Id", "IdCity", "StreetName", "StreetNumber") values (32, 1, 'Cambridge', '95');
insert into "Address" ("Id", "IdCity", "StreetName", "StreetNumber") values (33, 2, 'Rockefeller', '2858');
insert into "Address" ("Id", "IdCity", "StreetName", "StreetNumber") values (34, 3, 'Little Fleur', '274');
insert into "Address" ("Id", "IdCity", "StreetName", "StreetNumber") values (35, 4, 'Laurel', '8415');
insert into "Address" ("Id", "IdCity", "StreetName", "StreetNumber") values (36, 5, 'Kipling', '5');
insert into "Address" ("Id", "IdCity", "StreetName", "StreetNumber") values (37, 6, '7th', '49');
insert into "Address" ("Id", "IdCity", "StreetName", "StreetNumber") values (38, 7, 'Rieder', '87');
insert into "Address" ("Id", "IdCity", "StreetName", "StreetNumber") values (39, 8, 'Trailsway', '7');
insert into "Address" ("Id", "IdCity", "StreetName", "StreetNumber") values (40, 9, 'Rieder', '71528');

/*-----------------Establishment--(40 rows)--------------------------*/
/*healthcare establishment means a hospital, diagnostic centre, medical clinics, nursing home, maternity home, 
dental clinic, homeopathy clinic, Tibb clinic, acupuncture, physiotherapy clinic or any other premises or conveyance–*/
/*hospital, diagnostic centre, medical clinics, nursing home, maternity home, dental clinic, homeopathy clinic, acupuncture, physiotherapy clinic, Tibb clinic*/

insert into "Establishment" ("Id", "IdAddress", "Name") values (21, 1, 'Tibb clinic');
insert into "Establishment" ("Id", "IdAddress", "Name") values (22, 2, 'dental clinic');
insert into "Establishment" ("Id", "IdAddress", "Name") values (23, 3, 'hospital');
insert into "Establishment" ("Id", "IdAddress", "Name") values (24, 4, 'hospital');
insert into "Establishment" ("Id", "IdAddress", "Name") values (25, 5, 'medical clinics');
insert into "Establishment" ("Id", "IdAddress", "Name") values (26, 6, 'diagnostic centre');
insert into "Establishment" ("Id", "IdAddress", "Name") values (27, 7, 'maternity home');
insert into "Establishment" ("Id", "IdAddress", "Name") values (28, 8, 'acupuncture');
insert into "Establishment" ("Id", "IdAddress", "Name") values (29, 9, 'hospital');
insert into "Establishment" ("Id", "IdAddress", "Name") values (30, 10, 'acupuncture');
insert into "Establishment" ("Id", "IdAddress", "Name") values (31, 11, 'maternity home');
insert into "Establishment" ("Id", "IdAddress", "Name") values (32, 12, 'physiotherapy clinic');
insert into "Establishment" ("Id", "IdAddress", "Name") values (33, 13, 'homeopathy clinic');
insert into "Establishment" ("Id", "IdAddress", "Name") values (34, 14, 'Tibb clinic');
insert into "Establishment" ("Id", "IdAddress", "Name") values (35, 15, 'dental clinic');
insert into "Establishment" ("Id", "IdAddress", "Name") values (36, 16, 'maternity home');
insert into "Establishment" ("Id", "IdAddress", "Name") values (37, 17, 'homeopathy clinic');
insert into "Establishment" ("Id", "IdAddress", "Name") values (38, 18, 'nursing home');
insert into "Establishment" ("Id", "IdAddress", "Name") values (39, 19, 'medical clinics');
insert into "Establishment" ("Id", "IdAddress", "Name") values (40, 20, 'dental clinic');
insert into "Establishment" ("Id", "IdAddress", "Name") values (41, 21, 'diagnostic centre');
insert into "Establishment" ("Id", "IdAddress", "Name") values (42, 22, 'acupuncture');
insert into "Establishment" ("Id", "IdAddress", "Name") values (43, 23, 'diagnostic centre');
insert into "Establishment" ("Id", "IdAddress", "Name") values (44, 24, 'diagnostic centre');
insert into "Establishment" ("Id", "IdAddress", "Name") values (45, 25, 'diagnostic centre');
insert into "Establishment" ("Id", "IdAddress", "Name") values (46, 26, 'medical clinics');
insert into "Establishment" ("Id", "IdAddress", "Name") values (47, 27, 'acupuncture');
insert into "Establishment" ("Id", "IdAddress", "Name") values (48, 28, 'homeopathy clinic');
insert into "Establishment" ("Id", "IdAddress", "Name") values (49, 29, 'nursing home');
insert into "Establishment" ("Id", "IdAddress", "Name") values (50, 30, 'Tibb clinic');
insert into "Establishment" ("Id", "IdAddress", "Name") values (51, 31, 'physiotherapy clinic');
insert into "Establishment" ("Id", "IdAddress", "Name") values (52, 32, 'diagnostic centre');
insert into "Establishment" ("Id", "IdAddress", "Name") values (53, 33, 'acupuncture');
insert into "Establishment" ("Id", "IdAddress", "Name") values (54, 34, 'hospital');
insert into "Establishment" ("Id", "IdAddress", "Name") values (55, 35, 'physiotherapy clinic');
insert into "Establishment" ("Id", "IdAddress", "Name") values (56, 36, 'medical clinics');
insert into "Establishment" ("Id", "IdAddress", "Name") values (57, 37, 'maternity home');
insert into "Establishment" ("Id", "IdAddress", "Name") values (58, 38, 'acupuncture');
insert into "Establishment" ("Id", "IdAddress", "Name") values (59, 39, 'physiotherapy clinic');
insert into "Establishment" ("Id", "IdAddress", "Name") values (60, 40, 'dental clinic');

/*----------Department---------------------------------*/
/* 
What are the departments in medical field?
medicine, surgery, gynaecology, obstetrics, paediatrics, eye, ENT, dental, orthopaedics, neurology, cardiology, psychiatry, skin, V.D., plastic surgery, nuclear medicine, infectious disease
*/
insert into "Department" ("Id", "IdEstablishment", "Name") values (61, 23, 'skin');
insert into "Department" ("Id", "IdEstablishment", "Name") values (62, 23, 'V.D.');
insert into "Department" ("Id", "IdEstablishment", "Name") values (63, 23, 'nuclear medicine');
insert into "Department" ("Id", "IdEstablishment", "Name") values (64, 23, 'gynaecology');
insert into "Department" ("Id", "IdEstablishment", "Name") values (65, 23, 'psychiatry');
insert into "Department" ("Id", "IdEstablishment", "Name") values (66, 24, 'paediatrics');
insert into "Department" ("Id", "IdEstablishment", "Name") values (67, 24, 'nuclear medicine');
insert into "Department" ("Id", "IdEstablishment", "Name") values (68, 24, 'V.D.');
insert into "Department" ("Id", "IdEstablishment", "Name") values (69, 24, 'gynaecology');
insert into "Department" ("Id", "IdEstablishment", "Name") values (70, 24, 'plastic surgery');
insert into "Department" ("Id", "IdEstablishment", "Name") values (71, 29, 'obstetrics');
insert into "Department" ("Id", "IdEstablishment", "Name") values (72, 29, 'medicine');
insert into "Department" ("Id", "IdEstablishment", "Name") values (73, 29, 'infectious disease');
insert into "Department" ("Id", "IdEstablishment", "Name") values (74, 29, 'gynaecology');
insert into "Department" ("Id", "IdEstablishment", "Name") values (75, 29, 'obstetrics');
insert into "Department" ("Id", "IdEstablishment", "Name") values (76, 54, 'paediatrics');
insert into "Department" ("Id", "IdEstablishment", "Name") values (77, 54, 'nuclear medicine');
insert into "Department" ("Id", "IdEstablishment", "Name") values (78, 54, 'paediatrics');
insert into "Department" ("Id", "IdEstablishment", "Name") values (79, 54, 'skin');
insert into "Department" ("Id", "IdEstablishment", "Name") values (80, 54, 'plastic surgery');
insert into "Department" ("Id", "IdEstablishment", "Name") values (81, 25, 'eye');
insert into "Department" ("Id", "IdEstablishment", "Name") values (82, 25, 'skin');
insert into "Department" ("Id", "IdEstablishment", "Name") values (83, 25, 'V.D.');
insert into "Department" ("Id", "IdEstablishment", "Name") values (84, 25, 'neurology');
insert into "Department" ("Id", "IdEstablishment", "Name") values (85, 25, 'nuclear medicine');
insert into "Department" ("Id", "IdEstablishment", "Name") values (86, 39, 'skin');
insert into "Department" ("Id", "IdEstablishment", "Name") values (87, 39, 'neurology');
insert into "Department" ("Id", "IdEstablishment", "Name") values (88, 39, 'dental');
insert into "Department" ("Id", "IdEstablishment", "Name") values (89, 39, 'orthopaedics');
insert into "Department" ("Id", "IdEstablishment", "Name") values (90, 39, 'infectious disease');
insert into "Department" ("Id", "IdEstablishment", "Name") values (91, 46, 'obstetrics');
insert into "Department" ("Id", "IdEstablishment", "Name") values (92, 46, 'skin');
insert into "Department" ("Id", "IdEstablishment", "Name") values (93, 46, 'nuclear medicine');
insert into "Department" ("Id", "IdEstablishment", "Name") values (94, 46, 'gynaecology');
insert into "Department" ("Id", "IdEstablishment", "Name") values (95, 46, 'psychiatry');
insert into "Department" ("Id", "IdEstablishment", "Name") values (96, 56, 'paediatrics');
insert into "Department" ("Id", "IdEstablishment", "Name") values (97, 56, 'nuclear medicine');
insert into "Department" ("Id", "IdEstablishment", "Name") values (98, 56, 'orthopaedics');
insert into "Department" ("Id", "IdEstablishment", "Name") values (99, 56, 'cardiology');
insert into "Department" ("Id", "IdEstablishment", "Name") values (100, 56, 'ENT');