INSERT INTO "ECA" VALUES(1,1);
/*----------------UO-----------------*/
insert into "UO" ("Id", "Name") values (1, 'Regiona');
insert into "UO" ("Id", "Name") values (2, 'Region');
insert into "UO" ("Id", "Name") values (3, 'Region');
insert into "UO" ("Id", "Name") values (4, 'Region');
insert into "UO" ("Id", "Name") values (5, 'Region');
insert into "UO" ("Id", "Name") values (6, 'Region');
insert into "UO" ("Id", "Name") values (7, 'Region');
insert into "UO" ("Id", "Name") values (8, 'Region');
insert into "UO" ("Id", "Name") values (9, 'Region');
insert into "UO" ("Id", "Name") values (10, 'Region');
insert into "UO" ("Id", "Name") values (11, 'Region');
insert into "UO" ("Id", "Name") values (12, 'Region');
insert into "UO" ("Id", "Name") values (13, 'Region');
insert into "UO" ("Id", "Name") values (14, 'Region');
insert into "UO" ("Id", "Name") values (15, 'Region');
insert into "UO" ("Id", "Name") values (16, 'Region');
insert into "UO" ("Id", "Name") values (17, 'Region');
insert into "UO" ("Id", "Name") values (18, 'Region');
insert into "UO" ("Id", "Name") values (19, 'Region');
insert into "UO" ("Id", "Name") values (20, 'Region');

select * from "UO";

/*-----------Region-----------------*/
insert into "Region" ("Id", "Name") values (1, 'Jalisco');
insert into "Region" ("Id", "Name") values (2, 'Kalmar');
insert into "Region" ("Id", "Name") values (3, 'Stockholm');
insert into "Region" ("Id", "Name") values (4, 'Dalarna');
insert into "Region" ("Id", "Name") values (5, 'Baden-Württemberg');
insert into "Region" ("Id", "Name") values (6, 'Réunion');
insert into "Region" ("Id", "Name") values (7, 'Vlaanderen');
insert into "Region" ("Id", "Name") values (8, 'Réunion');
insert into "Region" ("Id", "Name") values (9, 'California');
insert into "Region" ("Id", "Name") values (10, 'HuaBei');
insert into "Region" ("Id", "Name") values (11, 'New Brunswick');
insert into "Region" ("Id", "Name") values (12, 'Galicia');
insert into "Region" ("Id", "Name") values (13, 'Ilha de São Miguel');
insert into "Region" ("Id", "Name") values (14, 'Buskerud');
insert into "Region" ("Id", "Name") values (15, 'Ohio');
insert into "Region" ("Id", "Name") values (16, 'DongBei');
insert into "Region" ("Id", "Name") values (17, 'Illinois');
insert into "Region" ("Id", "Name") values (18, 'XiNan');
insert into "Region" ("Id", "Name") values (19, 'XiBei');
insert into "Region" ("Id", "Name") values (20, 'Faro');

/*-----------------City-----------------------*/
insert into "City" ("Id", "IdRegion", "Name") values (1, 1, 'Puncakmanis');
insert into "City" ("Id", "IdRegion", "Name") values (2, 2, 'Labnig');
insert into "City" ("Id", "IdRegion", "Name") values (3, 3, 'Straszyn');
insert into "City" ("Id", "IdRegion", "Name") values (4, 4, 'Yangcheng');
insert into "City" ("Id", "IdRegion", "Name") values (5, 5, 'Longyuanba');
insert into "City" ("Id", "IdRegion", "Name") values (6, 6, 'Bulacan');
insert into "City" ("Id", "IdRegion", "Name") values (7, 7, 'Wadungasri');
insert into "City" ("Id", "IdRegion", "Name") values (8, 8, 'Crnilište');
insert into "City" ("Id", "IdRegion", "Name") values (9, 9, 'Sawahan');
insert into "City" ("Id", "IdRegion", "Name") values (10, 10, 'Jiaozhou');
insert into "City" ("Id", "IdRegion", "Name") values (11, 11, 'N’dalatando');
insert into "City" ("Id", "IdRegion", "Name") values (12, 12, 'Chishui');
insert into "City" ("Id", "IdRegion", "Name") values (13, 13, 'Oslo');
insert into "City" ("Id", "IdRegion", "Name") values (14, 14, 'Loikaw');
insert into "City" ("Id", "IdRegion", "Name") values (15, 15, 'Morcolla');
insert into "City" ("Id", "IdRegion", "Name") values (16, 16, 'Bourail');
insert into "City" ("Id", "IdRegion", "Name") values (17, 17, 'Vairão');
insert into "City" ("Id", "IdRegion", "Name") values (18, 18, 'Ezeiza');
insert into "City" ("Id", "IdRegion", "Name") values (19, 19, 'Ludwin');
insert into "City" ("Id", "IdRegion", "Name") values (20, 20, 'Cibinong Satu');
insert into "City" ("Id", "IdRegion", "Name") values (21, 11, 'Pawonków');
insert into "City" ("Id", "IdRegion", "Name") values (22, 1, 'Grindavík');
insert into "City" ("Id", "IdRegion", "Name") values (23, 2, 'Renliu');
insert into "City" ("Id", "IdRegion", "Name") values (24, 3, 'Chelles');
insert into "City" ("Id", "IdRegion", "Name") values (25, 4, 'Xichangmen');
insert into "City" ("Id", "IdRegion", "Name") values (26, 5, 'Bagadó');
insert into "City" ("Id", "IdRegion", "Name") values (27, 6, 'Butiama');
insert into "City" ("Id", "IdRegion", "Name") values (28, 7, 'Kurumoch');
insert into "City" ("Id", "IdRegion", "Name") values (29, 8, 'Qarqaraly');
insert into "City" ("Id", "IdRegion", "Name") values (30, 9, 'Ya‘bad');