
/*----------------UO-----------------*/
insert into "UO" ("Id") values (1);
insert into "UO" ("Id") values (2);
insert into "UO" ("Id") values (3);
insert into "UO" ("Id") values (4);
insert into "UO" ("Id") values (5);
insert into "UO" ("Id") values (6);
insert into "UO" ("Id") values (7);
insert into "UO" ("Id") values (8);
insert into "UO" ("Id") values (9);
insert into "UO" ("Id") values (10);
insert into "UO" ("Id") values (11);
insert into "UO" ("Id") values (12);
insert into "UO" ("Id") values (13);
insert into "UO" ("Id") values (14);
insert into "UO" ("Id") values (15);
insert into "UO" ("Id") values (16);
insert into "UO" ("Id") values (17);
insert into "UO" ("Id") values (18);
insert into "UO" ("Id") values (19);
insert into "UO" ("Id") values (20);

insert into "UO" ("Id") values (21);
insert into "UO" ("Id") values (22);
insert into "UO" ("Id") values (23);
insert into "UO" ("Id") values (24);
insert into "UO" ("Id") values (25);
insert into "UO" ("Id") values (26);
insert into "UO" ("Id") values (27);
insert into "UO" ("Id") values (28);
insert into "UO" ("Id") values (29);
insert into "UO" ("Id") values (30);
insert into "UO" ("Id") values (31);
insert into "UO" ("Id") values (32);
insert into "UO" ("Id") values (33);
insert into "UO" ("Id") values (34);
insert into "UO" ("Id") values (35);
insert into "UO" ("Id") values (36);
insert into "UO" ("Id") values (37);
insert into "UO" ("Id") values (38);
insert into "UO" ("Id") values (39);
insert into "UO" ("Id") values (40);
insert into "UO" ("Id") values (41);
insert into "UO" ("Id") values (42);
insert into "UO" ("Id") values (43);
insert into "UO" ("Id") values (44);
insert into "UO" ("Id") values (45);
insert into "UO" ("Id") values (46);
insert into "UO" ("Id") values (47);
insert into "UO" ("Id") values (48);
insert into "UO" ("Id") values (49);
insert into "UO" ("Id") values (50);
insert into "UO" ("Id") values (51);
insert into "UO" ("Id") values (52);
insert into "UO" ("Id") values (53);
insert into "UO" ("Id") values (54);
insert into "UO" ("Id") values (55);
insert into "UO" ("Id") values (56);
insert into "UO" ("Id") values (57);
insert into "UO" ("Id") values (58);
insert into "UO" ("Id") values (59);
insert into "UO" ("Id") values (60);

insert into "UO" ("Id") values (61);
insert into "UO" ("Id") values (62);
insert into "UO" ("Id") values (63);
insert into "UO" ("Id") values (64);
insert into "UO" ("Id") values (65);
insert into "UO" ("Id") values (66);
insert into "UO" ("Id") values (67);
insert into "UO" ("Id") values (68);
insert into "UO" ("Id") values (69);
insert into "UO" ("Id") values (70);
insert into "UO" ("Id") values (71);
insert into "UO" ("Id") values (72);
insert into "UO" ("Id") values (73);
insert into "UO" ("Id") values (74);
insert into "UO" ("Id") values (75);
insert into "UO" ("Id") values (76);
insert into "UO" ("Id") values (77);
insert into "UO" ("Id") values (78);
insert into "UO" ("Id") values (79);
insert into "UO" ("Id") values (80);
insert into "UO" ("Id") values (81);
insert into "UO" ("Id") values (82);
insert into "UO" ("Id") values (83);
insert into "UO" ("Id") values (84);
insert into "UO" ("Id") values (85);
insert into "UO" ("Id") values (86);
insert into "UO" ("Id") values (87);
insert into "UO" ("Id") values (88);
insert into "UO" ("Id") values (89);
insert into "UO" ("Id") values (90);
insert into "UO" ("Id") values (91);
insert into "UO" ("Id") values (92);
insert into "UO" ("Id") values (93);
insert into "UO" ("Id") values (94);
insert into "UO" ("Id") values (95);
insert into "UO" ("Id") values (96);
insert into "UO" ("Id") values (97);
insert into "UO" ("Id") values (98);
insert into "UO" ("Id") values (99);
insert into "UO" ("Id") values (100);

insert into "UO" ("Id") values (101);
insert into "UO" ("Id") values (102);
insert into "UO" ("Id") values (103);
insert into "UO" ("Id") values (104);
insert into "UO" ("Id") values (105);
insert into "UO" ("Id") values (106);
insert into "UO" ("Id") values (107);
insert into "UO" ("Id") values (108);
insert into "UO" ("Id") values (109);
insert into "UO" ("Id") values (110);
insert into "UO" ("Id") values (111);
insert into "UO" ("Id") values (112);
insert into "UO" ("Id") values (113);
insert into "UO" ("Id") values (114);
insert into "UO" ("Id") values (115);
insert into "UO" ("Id") values (116);
insert into "UO" ("Id") values (117);
insert into "UO" ("Id") values (118);
insert into "UO" ("Id") values (119);
insert into "UO" ("Id") values (120);
insert into "UO" ("Id") values (121);
insert into "UO" ("Id") values (122);
insert into "UO" ("Id") values (123);
insert into "UO" ("Id") values (124);
insert into "UO" ("Id") values (125);
insert into "UO" ("Id") values (126);
insert into "UO" ("Id") values (127);
insert into "UO" ("Id") values (128);
insert into "UO" ("Id") values (129);
insert into "UO" ("Id") values (130);
insert into "UO" ("Id") values (131);
insert into "UO" ("Id") values (132);
insert into "UO" ("Id") values (133);
insert into "UO" ("Id") values (134);
insert into "UO" ("Id") values (135);
insert into "UO" ("Id") values (136);
insert into "UO" ("Id") values (137);
insert into "UO" ("Id") values (138);
insert into "UO" ("Id") values (139);
insert into "UO" ("Id") values (140);
insert into "UO" ("Id") values (141);
insert into "UO" ("Id") values (142);
insert into "UO" ("Id") values (143);
insert into "UO" ("Id") values (144);
insert into "UO" ("Id") values (145);
insert into "UO" ("Id") values (146);
insert into "UO" ("Id") values (147);
insert into "UO" ("Id") values (148);
insert into "UO" ("Id") values (149);
insert into "UO" ("Id") values (150);
insert into "UO" ("Id") values (151);
insert into "UO" ("Id") values (152);
insert into "UO" ("Id") values (153);
insert into "UO" ("Id") values (154);
insert into "UO" ("Id") values (155);
insert into "UO" ("Id") values (156);
insert into "UO" ("Id") values (157);
insert into "UO" ("Id") values (158);
insert into "UO" ("Id") values (159);
insert into "UO" ("Id") values (160);

/*-----------Region-----------------*/
insert into "Region" ("Id", "Name") values (1, 'Jalisco');
insert into "Region" ("Id", "Name") values (2, 'Kalmar');
insert into "Region" ("Id", "Name") values (3, 'Stockholm');
insert into "Region" ("Id", "Name") values (4, 'Dalarna');
insert into "Region" ("Id", "Name") values (5, 'Baden-Württemberg');
insert into "Region" ("Id", "Name") values (6, 'Réunion');
insert into "Region" ("Id", "Name") values (7, 'Vlaanderen');
insert into "Region" ("Id", "Name") values (8, 'Réunion');
insert into "Region" ("Id", "Name") values (9, 'California');
insert into "Region" ("Id", "Name") values (10, 'HuaBei');
insert into "Region" ("Id", "Name") values (11, 'New Brunswick');
insert into "Region" ("Id", "Name") values (12, 'Galicia');
insert into "Region" ("Id", "Name") values (13, 'Ilha de São Miguel');
insert into "Region" ("Id", "Name") values (14, 'Buskerud');
insert into "Region" ("Id", "Name") values (15, 'Ohio');
insert into "Region" ("Id", "Name") values (16, 'DongBei');
insert into "Region" ("Id", "Name") values (17, 'Illinois');
insert into "Region" ("Id", "Name") values (18, 'XiNan');
insert into "Region" ("Id", "Name") values (19, 'XiBei');
insert into "Region" ("Id", "Name") values (20, 'Faro');

/*-----------------City-----------------------*/
insert into "City" ("Id", "IdRegion", "Name") values (1, 1, 'Puncakmanis');
insert into "City" ("Id", "IdRegion", "Name") values (2, 2, 'Labnig');
insert into "City" ("Id", "IdRegion", "Name") values (3, 3, 'Straszyn');
insert into "City" ("Id", "IdRegion", "Name") values (4, 4, 'Yangcheng');
insert into "City" ("Id", "IdRegion", "Name") values (5, 5, 'Longyuanba');
insert into "City" ("Id", "IdRegion", "Name") values (6, 6, 'Bulacan');
insert into "City" ("Id", "IdRegion", "Name") values (7, 7, 'Wadungasri');
insert into "City" ("Id", "IdRegion", "Name") values (8, 8, 'Crnilište');
insert into "City" ("Id", "IdRegion", "Name") values (9, 9, 'Sawahan');
insert into "City" ("Id", "IdRegion", "Name") values (10, 10, 'Jiaozhou');
insert into "City" ("Id", "IdRegion", "Name") values (11, 11, 'N’dalatando');
insert into "City" ("Id", "IdRegion", "Name") values (12, 12, 'Chishui');
insert into "City" ("Id", "IdRegion", "Name") values (13, 13, 'Oslo');
insert into "City" ("Id", "IdRegion", "Name") values (14, 14, 'Loikaw');
insert into "City" ("Id", "IdRegion", "Name") values (15, 15, 'Morcolla');
insert into "City" ("Id", "IdRegion", "Name") values (16, 16, 'Bourail');
insert into "City" ("Id", "IdRegion", "Name") values (17, 17, 'Vairão');
insert into "City" ("Id", "IdRegion", "Name") values (18, 18, 'Ezeiza');
insert into "City" ("Id", "IdRegion", "Name") values (19, 19, 'Ludwin');
insert into "City" ("Id", "IdRegion", "Name") values (20, 20, 'Cibinong Satu');
insert into "City" ("Id", "IdRegion", "Name") values (21, 11, 'Pawonków');
insert into "City" ("Id", "IdRegion", "Name") values (22, 1, 'Grindavík');
insert into "City" ("Id", "IdRegion", "Name") values (23, 2, 'Renliu');
insert into "City" ("Id", "IdRegion", "Name") values (24, 3, 'Chelles');
insert into "City" ("Id", "IdRegion", "Name") values (25, 4, 'Xichangmen');
insert into "City" ("Id", "IdRegion", "Name") values (26, 5, 'Bagadó');
insert into "City" ("Id", "IdRegion", "Name") values (27, 6, 'Butiama');
insert into "City" ("Id", "IdRegion", "Name") values (28, 7, 'Kurumoch');
insert into "City" ("Id", "IdRegion", "Name") values (29, 8, 'Qarqaraly');
insert into "City" ("Id", "IdRegion", "Name") values (30, 9, 'Ya‘bad');

/*---------------Address-----(40rows)--------------------*/
insert into "Address" ("Id", "IdCity", "StreetName", "StreetNumber") values (1, 1, 'Stang', '5885');
insert into "Address" ("Id", "IdCity", "StreetName", "StreetNumber") values (2, 2, 'Clyde Gallagher', '0');
insert into "Address" ("Id", "IdCity", "StreetName", "StreetNumber") values (3, 3, 'Stuart', '9');
insert into "Address" ("Id", "IdCity", "StreetName", "StreetNumber") values (4, 4, 'Prentice', '53646');
insert into "Address" ("Id", "IdCity", "StreetName", "StreetNumber") values (5, 5, 'Fisk', '842');
insert into "Address" ("Id", "IdCity", "StreetName", "StreetNumber") values (6, 6, 'Eagle Crest', '441');
insert into "Address" ("Id", "IdCity", "StreetName", "StreetNumber") values (7, 7, 'Novick', '031');
insert into "Address" ("Id", "IdCity", "StreetName", "StreetNumber") values (8, 8, 'Fisk', '576');
insert into "Address" ("Id", "IdCity", "StreetName", "StreetNumber") values (9, 9, 'Sycamore', '4225');
insert into "Address" ("Id", "IdCity", "StreetName", "StreetNumber") values (10, 10, 'Havey', '224');
insert into "Address" ("Id", "IdCity", "StreetName", "StreetNumber") values (11, 11, 'Sunbrook', '08071');
insert into "Address" ("Id", "IdCity", "StreetName", "StreetNumber") values (12, 12, 'Packers', '09');
insert into "Address" ("Id", "IdCity", "StreetName", "StreetNumber") values (13, 13, 'Farwell', '72342');
insert into "Address" ("Id", "IdCity", "StreetName", "StreetNumber") values (14, 14, 'Autumn Leaf', '6507');
insert into "Address" ("Id", "IdCity", "StreetName", "StreetNumber") values (15, 15, 'Moose', '29858');
insert into "Address" ("Id", "IdCity", "StreetName", "StreetNumber") values (16, 16, 'Luster', '3835');
insert into "Address" ("Id", "IdCity", "StreetName", "StreetNumber") values (17, 17, 'Corry', '512');
insert into "Address" ("Id", "IdCity", "StreetName", "StreetNumber") values (18, 18, 'Thackeray', '47');
insert into "Address" ("Id", "IdCity", "StreetName", "StreetNumber") values (19, 19, 'Homewood', '451');
insert into "Address" ("Id", "IdCity", "StreetName", "StreetNumber") values (20, 20, 'Pleasure', '2669');
insert into "Address" ("Id", "IdCity", "StreetName", "StreetNumber") values (21, 21, 'Beilfuss', '300');
insert into "Address" ("Id", "IdCity", "StreetName", "StreetNumber") values (22, 22, 'Goodland', '795');
insert into "Address" ("Id", "IdCity", "StreetName", "StreetNumber") values (23, 23, 'Bellgrove', '66954');
insert into "Address" ("Id", "IdCity", "StreetName", "StreetNumber") values (24, 24, 'Macpherson', '271');
insert into "Address" ("Id", "IdCity", "StreetName", "StreetNumber") values (25, 25, 'Forest', '19429');
insert into "Address" ("Id", "IdCity", "StreetName", "StreetNumber") values (26, 26, 'Northview', '94659');
insert into "Address" ("Id", "IdCity", "StreetName", "StreetNumber") values (27, 27, 'Swallow', '92');
insert into "Address" ("Id", "IdCity", "StreetName", "StreetNumber") values (28, 28, 'Macpherson', '9683');
insert into "Address" ("Id", "IdCity", "StreetName", "StreetNumber") values (29, 29, 'Del Sol', '6');
insert into "Address" ("Id", "IdCity", "StreetName", "StreetNumber") values (30, 30, 'Drewry', '02486');
insert into "Address" ("Id", "IdCity", "StreetName", "StreetNumber") values (31, 25, '3rd', '365');
insert into "Address" ("Id", "IdCity", "StreetName", "StreetNumber") values (32, 1, 'Cambridge', '95');
insert into "Address" ("Id", "IdCity", "StreetName", "StreetNumber") values (33, 2, 'Rockefeller', '2858');
insert into "Address" ("Id", "IdCity", "StreetName", "StreetNumber") values (34, 3, 'Little Fleur', '274');
insert into "Address" ("Id", "IdCity", "StreetName", "StreetNumber") values (35, 4, 'Laurel', '8415');
insert into "Address" ("Id", "IdCity", "StreetName", "StreetNumber") values (36, 5, 'Kipling', '5');
insert into "Address" ("Id", "IdCity", "StreetName", "StreetNumber") values (37, 6, '7th', '49');
insert into "Address" ("Id", "IdCity", "StreetName", "StreetNumber") values (38, 7, 'Rieder', '87');
insert into "Address" ("Id", "IdCity", "StreetName", "StreetNumber") values (39, 8, 'Trailsway', '7');
insert into "Address" ("Id", "IdCity", "StreetName", "StreetNumber") values (40, 9, 'Rieder', '71528');

/*-----------------Establishment--(40 rows)--------------------------*/
/*
Establishment List : Healthcare establishment means a hospital, diagnostic centre, medical clinics, nursing home,
maternity home, dental clinic, homeopathy clinic, Tibb clinic, acupuncture, physiotherapy clinic
*/

insert into "Establishment" ("Id", "IdAddress", "Name") values (21, 1, 'Tibb clinic');
insert into "Establishment" ("Id", "IdAddress", "Name") values (22, 2, 'dental clinic');
insert into "Establishment" ("Id", "IdAddress", "Name") values (23, 3, 'hospital');
insert into "Establishment" ("Id", "IdAddress", "Name") values (24, 4, 'hospital');
insert into "Establishment" ("Id", "IdAddress", "Name") values (25, 5, 'medical clinics');
insert into "Establishment" ("Id", "IdAddress", "Name") values (26, 6, 'diagnostic centre');
insert into "Establishment" ("Id", "IdAddress", "Name") values (27, 7, 'maternity home');
insert into "Establishment" ("Id", "IdAddress", "Name") values (28, 8, 'acupuncture');
insert into "Establishment" ("Id", "IdAddress", "Name") values (29, 9, 'hospital');
insert into "Establishment" ("Id", "IdAddress", "Name") values (30, 10, 'acupuncture');
insert into "Establishment" ("Id", "IdAddress", "Name") values (31, 11, 'maternity home');
insert into "Establishment" ("Id", "IdAddress", "Name") values (32, 12, 'physiotherapy clinic');
insert into "Establishment" ("Id", "IdAddress", "Name") values (33, 13, 'homeopathy clinic');
insert into "Establishment" ("Id", "IdAddress", "Name") values (34, 14, 'Tibb clinic');
insert into "Establishment" ("Id", "IdAddress", "Name") values (35, 15, 'dental clinic');
insert into "Establishment" ("Id", "IdAddress", "Name") values (36, 16, 'maternity home');
insert into "Establishment" ("Id", "IdAddress", "Name") values (37, 17, 'homeopathy clinic');
insert into "Establishment" ("Id", "IdAddress", "Name") values (38, 18, 'nursing home');
insert into "Establishment" ("Id", "IdAddress", "Name") values (39, 19, 'medical clinics');
insert into "Establishment" ("Id", "IdAddress", "Name") values (40, 20, 'dental clinic');
insert into "Establishment" ("Id", "IdAddress", "Name") values (41, 21, 'diagnostic centre');
insert into "Establishment" ("Id", "IdAddress", "Name") values (42, 22, 'acupuncture');
insert into "Establishment" ("Id", "IdAddress", "Name") values (43, 23, 'diagnostic centre');
insert into "Establishment" ("Id", "IdAddress", "Name") values (44, 24, 'diagnostic centre');
insert into "Establishment" ("Id", "IdAddress", "Name") values (45, 25, 'diagnostic centre');
insert into "Establishment" ("Id", "IdAddress", "Name") values (46, 26, 'medical clinics');
insert into "Establishment" ("Id", "IdAddress", "Name") values (47, 27, 'acupuncture');
insert into "Establishment" ("Id", "IdAddress", "Name") values (48, 28, 'homeopathy clinic');
insert into "Establishment" ("Id", "IdAddress", "Name") values (49, 29, 'nursing home');
insert into "Establishment" ("Id", "IdAddress", "Name") values (50, 30, 'Tibb clinic');
insert into "Establishment" ("Id", "IdAddress", "Name") values (51, 31, 'physiotherapy clinic');
insert into "Establishment" ("Id", "IdAddress", "Name") values (52, 32, 'diagnostic centre');
insert into "Establishment" ("Id", "IdAddress", "Name") values (53, 33, 'acupuncture');
insert into "Establishment" ("Id", "IdAddress", "Name") values (54, 34, 'hospital');
insert into "Establishment" ("Id", "IdAddress", "Name") values (55, 35, 'physiotherapy clinic');
insert into "Establishment" ("Id", "IdAddress", "Name") values (56, 36, 'medical clinics');
insert into "Establishment" ("Id", "IdAddress", "Name") values (57, 37, 'maternity home');
insert into "Establishment" ("Id", "IdAddress", "Name") values (58, 38, 'acupuncture');
insert into "Establishment" ("Id", "IdAddress", "Name") values (59, 39, 'physiotherapy clinic');
insert into "Establishment" ("Id", "IdAddress", "Name") values (60, 40, 'dental clinic');

/*----------Department---------------------------------*/
/*
This dataset focus on departments of 8 establishments (4 hospital: IdEstablishment == 23,24,29,54 ; 4 medical clinics: IdEstablishment == 25,39,46,56)
Department List: Medicine, surgery, gynaecology, obstetrics, paediatrics, eye, ENT, dental, orthopaedics,
neurology, cardiology, psychiatry, skin, V.D., plastic surgery, nuclear medicine, infectious disease
*/
insert into "Department" ("Id", "IdEstablishment", "Name") values (61, 23, 'skin');
insert into "Department" ("Id", "IdEstablishment", "Name") values (62, 23, 'V.D.');
insert into "Department" ("Id", "IdEstablishment", "Name") values (63, 23, 'nuclear medicine');
insert into "Department" ("Id", "IdEstablishment", "Name") values (64, 23, 'gynaecology');
insert into "Department" ("Id", "IdEstablishment", "Name") values (65, 23, 'psychiatry');
insert into "Department" ("Id", "IdEstablishment", "Name") values (66, 24, 'paediatrics');
insert into "Department" ("Id", "IdEstablishment", "Name") values (67, 24, 'nuclear medicine');
insert into "Department" ("Id", "IdEstablishment", "Name") values (68, 24, 'V.D.');
insert into "Department" ("Id", "IdEstablishment", "Name") values (69, 24, 'gynaecology');
insert into "Department" ("Id", "IdEstablishment", "Name") values (70, 24, 'plastic surgery');
insert into "Department" ("Id", "IdEstablishment", "Name") values (71, 29, 'obstetrics');
insert into "Department" ("Id", "IdEstablishment", "Name") values (72, 29, 'medicine');
insert into "Department" ("Id", "IdEstablishment", "Name") values (73, 29, 'infectious disease');
insert into "Department" ("Id", "IdEstablishment", "Name") values (74, 29, 'gynaecology');
insert into "Department" ("Id", "IdEstablishment", "Name") values (75, 29, 'obstetrics');
insert into "Department" ("Id", "IdEstablishment", "Name") values (76, 54, 'paediatrics');
insert into "Department" ("Id", "IdEstablishment", "Name") values (77, 54, 'nuclear medicine');
insert into "Department" ("Id", "IdEstablishment", "Name") values (78, 54, 'paediatrics');
insert into "Department" ("Id", "IdEstablishment", "Name") values (79, 54, 'skin');
insert into "Department" ("Id", "IdEstablishment", "Name") values (80, 54, 'plastic surgery');
insert into "Department" ("Id", "IdEstablishment", "Name") values (81, 25, 'eye');
insert into "Department" ("Id", "IdEstablishment", "Name") values (82, 25, 'skin');
insert into "Department" ("Id", "IdEstablishment", "Name") values (83, 25, 'V.D.');
insert into "Department" ("Id", "IdEstablishment", "Name") values (84, 25, 'neurology');
insert into "Department" ("Id", "IdEstablishment", "Name") values (85, 25, 'nuclear medicine');
insert into "Department" ("Id", "IdEstablishment", "Name") values (86, 39, 'skin');
insert into "Department" ("Id", "IdEstablishment", "Name") values (87, 39, 'neurology');
insert into "Department" ("Id", "IdEstablishment", "Name") values (88, 39, 'dental');
insert into "Department" ("Id", "IdEstablishment", "Name") values (89, 39, 'orthopaedics');
insert into "Department" ("Id", "IdEstablishment", "Name") values (90, 39, 'infectious disease');
insert into "Department" ("Id", "IdEstablishment", "Name") values (91, 46, 'obstetrics');
insert into "Department" ("Id", "IdEstablishment", "Name") values (92, 46, 'skin');
insert into "Department" ("Id", "IdEstablishment", "Name") values (93, 46, 'nuclear medicine');
insert into "Department" ("Id", "IdEstablishment", "Name") values (94, 46, 'gynaecology');
insert into "Department" ("Id", "IdEstablishment", "Name") values (95, 46, 'psychiatry');
insert into "Department" ("Id", "IdEstablishment", "Name") values (96, 56, 'paediatrics');
insert into "Department" ("Id", "IdEstablishment", "Name") values (97, 56, 'nuclear medicine');
insert into "Department" ("Id", "IdEstablishment", "Name") values (98, 56, 'orthopaedics');
insert into "Department" ("Id", "IdEstablishment", "Name") values (99, 56, 'cardiology');
insert into "Department" ("Id", "IdEstablishment", "Name") values (100, 56, 'ENT');

/*---------Service------------Every IdDepartment in (64,69,74,94,84,87) have 10 services. 6*10 = 60 rows---------------*/
/*
This dataset focus on services of 6 departments (IdDepartment == 64,69,74,94,84,87)
For department of gynaecology: IdDepartment == 64,69,74,94
We can have services: Mental health care, Laboratory and diagnostic care, Prenatal care, Nutritional support, Pharmaceutical care

For department of neurology : IdDepartment == 84,87
We can have services: Mental health care,Laboratory and diagnostic care, Substance abuse treatment, Preventative care, Pharmaceutical care

List of services : Mental health care, Dental care, Laboratory and diagnostic care, Substance abuse treatment, Preventative care, 
Physical and occupational therapy, Nutritional support, Pharmaceutical care, Transportation, Prenatal care
*/
insert into "Service" ("Id", "IdDepartment", "Name") values (101, 64, 'Mental health care');
insert into "Service" ("Id", "IdDepartment", "Name") values (102, 64, 'Laboratory and diagnostic care');
insert into "Service" ("Id", "IdDepartment", "Name") values (103, 64, 'Prenatal care');
insert into "Service" ("Id", "IdDepartment", "Name") values (104, 64, 'Nutritional support');
insert into "Service" ("Id", "IdDepartment", "Name") values (105, 64, 'Pharmaceutical care');
insert into "Service" ("Id", "IdDepartment", "Name") values (106, 64, 'Mental health care');
insert into "Service" ("Id", "IdDepartment", "Name") values (107, 64, 'Laboratory and diagnostic care');
insert into "Service" ("Id", "IdDepartment", "Name") values (108, 64, 'Prenatal care');
insert into "Service" ("Id", "IdDepartment", "Name") values (109, 64, 'Nutritional support');
insert into "Service" ("Id", "IdDepartment", "Name") values (110, 64, 'Pharmaceutical care');
insert into "Service" ("Id", "IdDepartment", "Name") values (111, 69, 'Mental health care');
insert into "Service" ("Id", "IdDepartment", "Name") values (112, 69, 'Laboratory and diagnostic care');
insert into "Service" ("Id", "IdDepartment", "Name") values (113, 69, 'Prenatal care');
insert into "Service" ("Id", "IdDepartment", "Name") values (114, 69, 'Nutritional support');
insert into "Service" ("Id", "IdDepartment", "Name") values (115, 69, 'Pharmaceutical care');
insert into "Service" ("Id", "IdDepartment", "Name") values (116, 69, 'Mental health care');
insert into "Service" ("Id", "IdDepartment", "Name") values (117, 69, 'Laboratory and diagnostic care');
insert into "Service" ("Id", "IdDepartment", "Name") values (118, 69, 'Prenatal care');
insert into "Service" ("Id", "IdDepartment", "Name") values (119, 69, 'Nutritional support');
insert into "Service" ("Id", "IdDepartment", "Name") values (120, 69, 'Pharmaceutical care');
insert into "Service" ("Id", "IdDepartment", "Name") values (121, 74, 'Mental health care');
insert into "Service" ("Id", "IdDepartment", "Name") values (122, 74, 'Laboratory and diagnostic care');
insert into "Service" ("Id", "IdDepartment", "Name") values (123, 74, 'Prenatal care');
insert into "Service" ("Id", "IdDepartment", "Name") values (124, 74, 'Nutritional support');
insert into "Service" ("Id", "IdDepartment", "Name") values (125, 74, 'Pharmaceutical care');
insert into "Service" ("Id", "IdDepartment", "Name") values (126, 74, 'Mental health care');
insert into "Service" ("Id", "IdDepartment", "Name") values (127, 74, 'Laboratory and diagnostic care');
insert into "Service" ("Id", "IdDepartment", "Name") values (128, 74, 'Prenatal care');
insert into "Service" ("Id", "IdDepartment", "Name") values (129, 74, 'Nutritional support');
insert into "Service" ("Id", "IdDepartment", "Name") values (130, 74, 'Pharmaceutical care');
insert into "Service" ("Id", "IdDepartment", "Name") values (131, 94, 'Mental health care');
insert into "Service" ("Id", "IdDepartment", "Name") values (132, 94, 'Laboratory and diagnostic care');
insert into "Service" ("Id", "IdDepartment", "Name") values (133, 94, 'Prenatal care');
insert into "Service" ("Id", "IdDepartment", "Name") values (134, 94, 'Nutritional support');
insert into "Service" ("Id", "IdDepartment", "Name") values (135, 94, 'Pharmaceutical care');
insert into "Service" ("Id", "IdDepartment", "Name") values (136, 94, 'Mental health care');
insert into "Service" ("Id", "IdDepartment", "Name") values (137, 94, 'Laboratory and diagnostic care');
insert into "Service" ("Id", "IdDepartment", "Name") values (138, 94, 'Prenatal care');
insert into "Service" ("Id", "IdDepartment", "Name") values (139, 94, 'Nutritional support');
insert into "Service" ("Id", "IdDepartment", "Name") values (140, 94, 'Pharmaceutical care');
insert into "Service" ("Id", "IdDepartment", "Name") values (141, 84, 'Mental health care');
insert into "Service" ("Id", "IdDepartment", "Name") values (142, 84, 'Laboratory and diagnostic care');
insert into "Service" ("Id", "IdDepartment", "Name") values (143, 84, 'Substance abuse treatment');
insert into "Service" ("Id", "IdDepartment", "Name") values (144, 84, 'Preventative care');
insert into "Service" ("Id", "IdDepartment", "Name") values (145, 84, 'Pharmaceutical care');
insert into "Service" ("Id", "IdDepartment", "Name") values (146, 84, 'Mental health care');
insert into "Service" ("Id", "IdDepartment", "Name") values (147, 84, 'Laboratory and diagnostic care');
insert into "Service" ("Id", "IdDepartment", "Name") values (148, 84, 'Substance abuse treatment');
insert into "Service" ("Id", "IdDepartment", "Name") values (149, 84, 'Preventative care');
insert into "Service" ("Id", "IdDepartment", "Name") values (150, 84, 'Pharmaceutical care');
insert into "Service" ("Id", "IdDepartment", "Name") values (151, 87, 'Mental health care');
insert into "Service" ("Id", "IdDepartment", "Name") values (152, 87, 'Laboratory and diagnostic care');
insert into "Service" ("Id", "IdDepartment", "Name") values (153, 87, 'Substance abuse treatment');
insert into "Service" ("Id", "IdDepartment", "Name") values (154, 87, 'Preventative care');
insert into "Service" ("Id", "IdDepartment", "Name") values (155, 87, 'Pharmaceutical care');
insert into "Service" ("Id", "IdDepartment", "Name") values (156, 87, 'Mental health care');
insert into "Service" ("Id", "IdDepartment", "Name") values (157, 87, 'Laboratory and diagnostic care');
insert into "Service" ("Id", "IdDepartment", "Name") values (158, 87, 'Substance abuse treatment');
insert into "Service" ("Id", "IdDepartment", "Name") values (159, 87, 'Preventative care');
insert into "Service" ("Id", "IdDepartment", "Name") values (160, 87, 'Pharmaceutical care');

/*-----------------TypeECA-------11 rows ------------------*/
/*
ECA list： Doctor, Surgeon, Dietitian, Pharmacist, Anesthesiologist,Registered nurse, Physician assistant,
Medical technologist, Respiratory therapist, Radiologic technician, Occupational therapist
*/
insert into "TypeECA" ("Id", "Name") values (1, 'Doctor');
insert into "TypeECA" ("Id", "Name") values (2, 'Surgeon');
insert into "TypeECA" ("Id", "Name") values (3, 'Dietitian');
insert into "TypeECA" ("Id", "Name") values (4, 'Pharmacist');
insert into "TypeECA" ("Id", "Name") values (5, 'Anesthesiologist');
insert into "TypeECA" ("Id", "Name") values (6, 'Registered nurse');
insert into "TypeECA" ("Id", "Name") values (7, 'Physician assistant');
insert into "TypeECA" ("Id", "Name") values (8, 'Medical technologist');
insert into "TypeECA" ("Id", "Name") values (9, 'Respiratory therapist');
insert into "TypeECA" ("Id", "Name") values (10, 'Radiologic technician');
insert into "TypeECA" ("Id", "Name") values (11, 'Occupational therapist');